{
	"name": "abs_csv_cleansed_Verde_param",
	"properties": {
		"linkedServiceName": {
			"referenceName": "ls_adlsvinoworld_dev",
			"type": "LinkedServiceReference"
		},
		"parameters": {
			"destfilename": {
				"type": "String"
			}
		},
		"folder": {
			"name": "02-Exercise"
		},
		"annotations": [],
		"type": "DelimitedText",
		"typeProperties": {
			"location": {
				"type": "AzureBlobFSLocation",
				"fileName": {
					"value": "@dataset().destfilename",
					"type": "Expression"
				},
				"folderPath": "salesdata",
				"fileSystem": "cleansed"
			},
			"columnDelimiter": ",",
			"escapeChar": "\\",
			"firstRowAsHeader": true,
			"quoteChar": "\""
		},
		"schema": []
	}
}