{
	"name": "abs_csv_raw_Verde",
	"properties": {
		"linkedServiceName": {
			"referenceName": "ls_adlsvinoworld_dev",
			"type": "LinkedServiceReference"
		},
		"folder": {
			"name": "Misc"
		},
		"annotations": [],
		"type": "DelimitedText",
		"typeProperties": {
			"location": {
				"type": "AzureBlobFSLocation",
				"folderPath": "Verde",
				"fileSystem": "test"
			},
			"columnDelimiter": ",",
			"escapeChar": "\\",
			"firstRowAsHeader": true,
			"quoteChar": "\""
		},
		"schema": [
			{
				"name": "OnlineRetailer",
				"type": "String"
			},
			{
				"name": "SalesMonth",
				"type": "String"
			},
			{
				"name": "Title",
				"type": "String"
			},
			{
				"name": "Vintage",
				"type": "String"
			},
			{
				"name": "Variety",
				"type": "String"
			},
			{
				"name": "Score",
				"type": "String"
			},
			{
				"name": "ListPrice",
				"type": "String"
			},
			{
				"name": "Quantity",
				"type": "String"
			}
		]
	}
}