{
	"name": "abs_csv_cleansed_stage_dynamic",
	"properties": {
		"linkedServiceName": {
			"referenceName": "ls_adlsvinoworld_dev",
			"type": "LinkedServiceReference"
		},
		"parameters": {
			"FolderName": {
				"type": "string"
			},
			"FileName": {
				"type": "string"
			},
			"Delimiter": {
				"type": "string"
			}
		},
		"folder": {
			"name": "09-Exercise"
		},
		"annotations": [],
		"type": "DelimitedText",
		"typeProperties": {
			"location": {
				"type": "AzureBlobFSLocation",
				"fileName": {
					"value": "@dataset().FileName",
					"type": "Expression"
				},
				"folderPath": {
					"value": "@dataset().FolderName",
					"type": "Expression"
				},
				"fileSystem": "cleansed"
			},
			"columnDelimiter": {
				"value": "@dataset().Delimiter",
				"type": "Expression"
			},
			"escapeChar": "\\",
			"firstRowAsHeader": true,
			"quoteChar": "\""
		},
		"schema": []
	}
}