{
	"name": "abs_csv_Master_Currency",
	"properties": {
		"linkedServiceName": {
			"referenceName": "ls_adlsvinoworld_dev",
			"type": "LinkedServiceReference"
		},
		"annotations": [],
		"type": "DelimitedText",
		"typeProperties": {
			"location": {
				"type": "AzureBlobFSLocation",
				"fileName": "Currency.csv",
				"fileSystem": "cleansed"
			},
			"columnDelimiter": ",",
			"escapeChar": "\\",
			"firstRowAsHeader": true,
			"quoteChar": "\""
		},
		"schema": [
			{
				"name": "CurrencyCode",
				"type": "String"
			},
			{
				"name": "CurrencyName",
				"type": "String"
			}
		]
	}
}