{
	"name": "abs_csv_raw_Celeste_ex3",
	"properties": {
		"linkedServiceName": {
			"referenceName": "ls_adlsvinoworld_dev",
			"type": "LinkedServiceReference"
		},
		"folder": {
			"name": "03-Exercise"
		},
		"annotations": [],
		"type": "DelimitedText",
		"typeProperties": {
			"location": {
				"type": "AzureBlobFSLocation",
				"fileName": "Celeste_2022_01.csv",
				"folderPath": "Celeste",
				"fileSystem": "raw"
			},
			"columnDelimiter": ",",
			"escapeChar": "\\",
			"firstRowAsHeader": true,
			"quoteChar": "\""
		},
		"schema": [
			{
				"name": "TransactionId",
				"type": "String"
			},
			{
				"name": "TransactionDate",
				"type": "String"
			},
			{
				"name": "OnlineRetailer",
				"type": "String"
			},
			{
				"name": "SalesMonth",
				"type": "String"
			},
			{
				"name": "SalesRegion",
				"type": "String"
			},
			{
				"name": "SalesCurrency",
				"type": "String"
			},
			{
				"name": "Title",
				"type": "String"
			},
			{
				"name": "Vintage",
				"type": "String"
			},
			{
				"name": "Variety",
				"type": "String"
			},
			{
				"name": "Score",
				"type": "String"
			},
			{
				"name": "ListPrice",
				"type": "String"
			},
			{
				"name": "Quantity",
				"type": "String"
			}
		]
	}
}