{
	"name": "sourceDataset",
	"properties": {
		"linkedServiceName": {
			"referenceName": "adlsSourceData",
			"type": "LinkedServiceReference"
		},
		"parameters": {
			"pSourceFileName": {
				"type": "string"
			}
		},
		"folder": {
			"name": "Misc"
		},
		"annotations": [],
		"type": "DelimitedText",
		"typeProperties": {
			"location": {
				"type": "AzureBlobFSLocation",
				"fileName": {
					"value": "@dataset().pSourceFileName",
					"type": "Expression"
				},
				"fileSystem": "sourcedata"
			},
			"columnDelimiter": ",",
			"escapeChar": "\\",
			"firstRowAsHeader": true,
			"quoteChar": "\""
		},
		"schema": [
			{
				"name": "Prop_0",
				"type": "String"
			},
			{
				"name": "OnlineRetailer",
				"type": "String"
			},
			{
				"name": "SalesMonth",
				"type": "String"
			},
			{
				"name": "Title",
				"type": "String"
			},
			{
				"name": "Vintage",
				"type": "String"
			},
			{
				"name": "Variety",
				"type": "String"
			},
			{
				"name": "Score",
				"type": "String"
			},
			{
				"name": "Price",
				"type": "String"
			},
			{
				"name": "Quantity",
				"type": "String"
			}
		]
	},
	"type": "Microsoft.DataFactory/factories/datasets"
}