{
	"name": "sql_stage_date",
	"properties": {
		"linkedServiceName": {
			"referenceName": "ls_sql_vinoworld",
			"type": "LinkedServiceReference"
		},
		"annotations": [],
		"type": "AzureSqlTable",
		"schema": [
			{
				"name": "DateYear",
				"type": "smallint",
				"precision": 5
			},
			{
				"name": "DateMonth",
				"type": "tinyint",
				"precision": 3
			},
			{
				"name": "YearMonth",
				"type": "nvarchar"
			},
			{
				"name": "LastDayOfMonth",
				"type": "date"
			},
			{
				"name": "Quarter",
				"type": "tinyint",
				"precision": 3
			},
			{
				"name": "Season",
				"type": "nvarchar"
			}
		],
		"typeProperties": {
			"schema": "stage",
			"table": "Dates"
		}
	}
}