{
	"name": "sql_dim_territory",
	"properties": {
		"linkedServiceName": {
			"referenceName": "ls_sql_vinoworld",
			"type": "LinkedServiceReference"
		},
		"annotations": [],
		"type": "AzureSqlTable",
		"schema": [
			{
				"name": "TerritoryId",
				"type": "smallint",
				"precision": 5
			},
			{
				"name": "TerritoryCode",
				"type": "nvarchar"
			},
			{
				"name": "TerritoryName",
				"type": "nvarchar"
			},
			{
				"name": "TradeRegion",
				"type": "nvarchar"
			},
			{
				"name": "Continent",
				"type": "nvarchar"
			},
			{
				"name": "InsertedDate",
				"type": "datetime",
				"precision": 23,
				"scale": 3
			},
			{
				"name": "UpdatedDate",
				"type": "datetime",
				"precision": 23,
				"scale": 3
			}
		],
		"typeProperties": {
			"schema": "dbo",
			"table": "dimTerritory"
		}
	}
}