{
	"name": "sql_dim_store",
	"properties": {
		"linkedServiceName": {
			"referenceName": "ls_sql_vinoworld",
			"type": "LinkedServiceReference"
		},
		"annotations": [],
		"type": "AzureSqlTable",
		"schema": [
			{
				"name": "StoreId",
				"type": "smallint",
				"precision": 5
			},
			{
				"name": "StoreName",
				"type": "nvarchar"
			},
			{
				"name": "StoreType",
				"type": "nvarchar"
			},
			{
				"name": "Description",
				"type": "nvarchar"
			},
			{
				"name": "InsertedDate",
				"type": "datetime",
				"precision": 23,
				"scale": 3
			},
			{
				"name": "UpdatedDate",
				"type": "datetime",
				"precision": 23,
				"scale": 3
			}
		],
		"typeProperties": {
			"schema": "dbo",
			"table": "dimStore"
		}
	}
}