{
	"name": "pl_build_dimensions_Type2",
	"properties": {
		"activities": [
			{
				"name": "Load dimProduct",
				"type": "SqlServerStoredProcedure",
				"dependsOn": [],
				"policy": {
					"timeout": "0.12:00:00",
					"retry": 0,
					"retryIntervalInSeconds": 30,
					"secureOutput": false,
					"secureInput": false
				},
				"userProperties": [],
				"typeProperties": {
					"storedProcedureName": "[dbo].[usp_Load_dimProduct]"
				},
				"linkedServiceName": {
					"referenceName": "ls_sql_vinoworld",
					"type": "LinkedServiceReference"
				}
			}
		],
		"folder": {
			"name": "11-Exercise"
		},
		"annotations": []
	}
}