{
	"name": "pl_Copy_LandingtoRaw",
	"properties": {
		"activities": [
			{
				"name": "Copy and UnzipData",
				"type": "Copy",
				"dependsOn": [],
				"policy": {
					"timeout": "0.12:00:00",
					"retry": 0,
					"retryIntervalInSeconds": 30,
					"secureOutput": false,
					"secureInput": false
				},
				"userProperties": [
					{
						"name": "Source",
						"value": "sourcedata//"
					},
					{
						"name": "Destination",
						"value": "sourcedata//"
					}
				],
				"typeProperties": {
					"source": {
						"type": "BinarySource",
						"storeSettings": {
							"type": "AzureBlobFSReadSettings",
							"recursive": true,
							"wildcardFileName": "*"
						},
						"formatSettings": {
							"type": "BinaryReadSettings",
							"compressionProperties": {
								"type": "ZipDeflateReadSettings",
								"preserveZipFileNameAsFolder": false
							}
						}
					},
					"sink": {
						"type": "BinarySink",
						"storeSettings": {
							"type": "AzureBlobFSWriteSettings"
						}
					},
					"enableStaging": false
				},
				"inputs": [
					{
						"referenceName": "abs_zip_source",
						"type": "DatasetReference"
					}
				],
				"outputs": [
					{
						"referenceName": "abs_zip_destination",
						"type": "DatasetReference"
					}
				]
			}
		],
		"folder": {
			"name": "01-Exercise"
		},
		"annotations": []
	}
}