{
	"name": "pl_Copy_RawtoCleansed_Sales_Arancione",
	"properties": {
		"activities": [
			{
				"name": "Copy Raw to Cleansed Sales Arancione",
				"type": "Copy",
				"dependsOn": [],
				"policy": {
					"timeout": "0.12:00:00",
					"retry": 0,
					"retryIntervalInSeconds": 30,
					"secureOutput": false,
					"secureInput": false
				},
				"userProperties": [
					{
						"name": "Source",
						"value": "raw/Arancione/"
					},
					{
						"name": "Destination",
						"value": "cleansed/salesdata/"
					}
				],
				"typeProperties": {
					"source": {
						"type": "DelimitedTextSource",
						"storeSettings": {
							"type": "AzureBlobFSReadSettings",
							"recursive": true,
							"wildcardFileName": "*",
							"enablePartitionDiscovery": false
						},
						"formatSettings": {
							"type": "DelimitedTextReadSettings",
							"skipLineCount": 0
						}
					},
					"sink": {
						"type": "DelimitedTextSink",
						"storeSettings": {
							"type": "AzureBlobFSWriteSettings"
						},
						"formatSettings": {
							"type": "DelimitedTextWriteSettings",
							"quoteAllText": true,
							"fileExtension": ".csv"
						}
					},
					"enableStaging": false,
					"validateDataConsistency": false
				},
				"inputs": [
					{
						"referenceName": "abs_csv_raw_Arancione",
						"type": "DatasetReference"
					}
				],
				"outputs": [
					{
						"referenceName": "abs_csv_cleansed_sales",
						"type": "DatasetReference"
					}
				]
			}
		],
		"folder": {
			"name": "02-Exercise"
		},
		"annotations": []
	}
}