{
	"name": "pl_Copy_CleansedToCurated_SalesData",
	"properties": {
		"activities": [
			{
				"name": "Copy Cleansed to Curated Sales",
				"type": "Copy",
				"dependsOn": [],
				"policy": {
					"timeout": "0.12:00:00",
					"retry": 0,
					"retryIntervalInSeconds": 30,
					"secureOutput": false,
					"secureInput": false
				},
				"userProperties": [],
				"typeProperties": {
					"source": {
						"type": "DelimitedTextSource",
						"storeSettings": {
							"type": "AzureBlobFSReadSettings",
							"recursive": true,
							"wildcardFileName": "*",
							"enablePartitionDiscovery": false
						},
						"formatSettings": {
							"type": "DelimitedTextReadSettings"
						}
					},
					"sink": {
						"type": "DelimitedTextSink",
						"storeSettings": {
							"type": "AzureBlobFSWriteSettings"
						},
						"formatSettings": {
							"type": "DelimitedTextWriteSettings",
							"quoteAllText": true,
							"fileExtension": ".csv"
						}
					},
					"enableStaging": false,
					"translator": {
						"type": "TabularTranslator",
						"typeConversion": true,
						"typeConversionSettings": {
							"allowDataTruncation": true,
							"treatBooleanAsNumber": false
						}
					}
				},
				"inputs": [
					{
						"referenceName": "abs_cleansed_salesdata",
						"type": "DatasetReference"
					}
				],
				"outputs": [
					{
						"referenceName": "abs_csv_curated_salesdata",
						"type": "DatasetReference"
					}
				]
			}
		],
		"folder": {
			"name": "Misc"
		},
		"annotations": [],
		"lastPublishTime": "2023-03-03T14:36:43Z"
	},
	"type": "Microsoft.DataFactory/factories/pipelines"
}