{
	"name": "pl_CopyProductDataToCleansed",
	"properties": {
		"activities": [
			{
				"name": "Copy Product Data To Cleansed",
				"type": "Copy",
				"dependsOn": [],
				"policy": {
					"timeout": "0.12:00:00",
					"retry": 0,
					"retryIntervalInSeconds": 30,
					"secureOutput": false,
					"secureInput": false
				},
				"userProperties": [],
				"typeProperties": {
					"source": {
						"type": "BinarySource",
						"storeSettings": {
							"type": "AzureBlobFSReadSettings",
							"recursive": true,
							"wildcardFolderPath": "productdata",
							"wildcardFileName": "*.csv",
							"deleteFilesAfterCompletion": false
						},
						"formatSettings": {
							"type": "BinaryReadSettings"
						}
					},
					"sink": {
						"type": "BinarySink",
						"storeSettings": {
							"type": "AzureBlobFSWriteSettings"
						}
					},
					"enableStaging": false
				},
				"inputs": [
					{
						"referenceName": "abs_binary_raw_productdata",
						"type": "DatasetReference"
					}
				],
				"outputs": [
					{
						"referenceName": "abs_binary_cleansed_productdata",
						"type": "DatasetReference"
					}
				]
			}
		],
		"folder": {
			"name": "08-Exercise"
		},
		"annotations": []
	}
}