{
	"name": "pl_CopyRawtoCleansed_Sales_Celeste",
	"properties": {
		"activities": [
			{
				"name": "Move to salesdata folder",
				"type": "Copy",
				"dependsOn": [
					{
						"activity": "df_Copy_RawtoCleansed_Sales_Celeste",
						"dependencyConditions": [
							"Succeeded"
						]
					}
				],
				"policy": {
					"timeout": "0.12:00:00",
					"retry": 0,
					"retryIntervalInSeconds": 30,
					"secureOutput": false,
					"secureInput": false
				},
				"userProperties": [],
				"typeProperties": {
					"source": {
						"type": "DelimitedTextSource",
						"storeSettings": {
							"type": "AzureBlobFSReadSettings",
							"recursive": false,
							"wildcardFileName": "Cel*.csv",
							"enablePartitionDiscovery": false
						},
						"formatSettings": {
							"type": "DelimitedTextReadSettings"
						}
					},
					"sink": {
						"type": "DelimitedTextSink",
						"storeSettings": {
							"type": "AzureBlobFSWriteSettings"
						},
						"formatSettings": {
							"type": "DelimitedTextWriteSettings",
							"quoteAllText": true,
							"fileExtension": ".csv"
						}
					},
					"enableStaging": false,
					"translator": {
						"type": "TabularTranslator",
						"typeConversion": true,
						"typeConversionSettings": {
							"allowDataTruncation": true,
							"treatBooleanAsNumber": false
						}
					}
				},
				"inputs": [
					{
						"referenceName": "abs_csv_cleansed_Celeste",
						"type": "DatasetReference"
					}
				],
				"outputs": [
					{
						"referenceName": "abs_csv_cleansed_sales",
						"type": "DatasetReference"
					}
				]
			},
			{
				"name": "Delete1",
				"type": "Delete",
				"dependsOn": [
					{
						"activity": "Move to salesdata folder",
						"dependencyConditions": [
							"Succeeded"
						]
					}
				],
				"policy": {
					"timeout": "0.12:00:00",
					"retry": 0,
					"retryIntervalInSeconds": 30,
					"secureOutput": false,
					"secureInput": false
				},
				"userProperties": [],
				"typeProperties": {
					"dataset": {
						"referenceName": "abs_csv_cleansed_Celeste",
						"type": "DatasetReference"
					},
					"enableLogging": false,
					"storeSettings": {
						"type": "AzureBlobFSReadSettings",
						"recursive": false,
						"wildcardFileName": "*.csv",
						"enablePartitionDiscovery": false
					}
				}
			},
			{
				"name": "df_Copy_RawtoCleansed_Sales_Celeste",
				"type": "ExecuteDataFlow",
				"dependsOn": [],
				"policy": {
					"timeout": "0.12:00:00",
					"retry": 0,
					"retryIntervalInSeconds": 30,
					"secureOutput": false,
					"secureInput": false
				},
				"userProperties": [],
				"typeProperties": {
					"dataflow": {
						"referenceName": "df_Copy_RawtoCleansed_Sales_Celeste",
						"type": "DataFlowReference"
					},
					"compute": {
						"coreCount": 8,
						"computeType": "General"
					},
					"traceLevel": "Fine"
				}
			}
		],
		"folder": {
			"name": "07-Exercise"
		},
		"annotations": []
	}
}