{
	"name": "pl_IngestSourceData",
	"properties": {
		"activities": [
			{
				"name": "cpIngestSourceData",
				"type": "Copy",
				"dependsOn": [],
				"policy": {
					"timeout": "0.12:00:00",
					"retry": 0,
					"retryIntervalInSeconds": 30,
					"secureOutput": false,
					"secureInput": false
				},
				"userProperties": [
					{
						"name": "Source",
						"value": "sourcedata//"
					},
					{
						"name": "Destination",
						"value": "stagedata//"
					}
				],
				"typeProperties": {
					"source": {
						"type": "DelimitedTextSource",
						"storeSettings": {
							"type": "AzureBlobFSReadSettings",
							"recursive": true,
							"wildcardFileName": {
								"value": "@pipeline().parameters.pSourceFile",
								"type": "Expression"
							},
							"enablePartitionDiscovery": false
						},
						"formatSettings": {
							"type": "DelimitedTextReadSettings",
							"skipLineCount": 0
						}
					},
					"sink": {
						"type": "ParquetSink",
						"storeSettings": {
							"type": "AzureBlobFSWriteSettings",
							"copyBehavior": "MergeFiles"
						},
						"formatSettings": {
							"type": "ParquetWriteSettings"
						}
					},
					"enableStaging": false,
					"validateDataConsistency": false
				},
				"inputs": [
					{
						"referenceName": "sourceDataset",
						"type": "DatasetReference",
						"parameters": {
							"pSourceFileName": {
								"value": "@pipeline().parameters.pSourceFile",
								"type": "Expression"
							}
						}
					}
				],
				"outputs": [
					{
						"referenceName": "sinkDataset",
						"type": "DatasetReference"
					}
				]
			}
		],
		"parameters": {
			"pSourceFile": {
				"type": "string"
			}
		},
		"folder": {
			"name": "Misc"
		},
		"annotations": [],
		"lastPublishTime": "2022-09-29T07:59:28Z"
	},
	"type": "Microsoft.DataFactory/factories/pipelines"
}