{
	"name": "pl_LoadStaging_MasterAndProduct",
	"properties": {
		"activities": [
			{
				"name": "GetMetadata",
				"type": "Lookup",
				"dependsOn": [],
				"policy": {
					"timeout": "0.12:00:00",
					"retry": 0,
					"retryIntervalInSeconds": 30,
					"secureOutput": false,
					"secureInput": false
				},
				"userProperties": [],
				"typeProperties": {
					"source": {
						"type": "AzureSqlSource",
						"sqlReaderQuery": " SELECT *\n  FROM [dbo].[ADF_Metadata] WHERE FolderName IN ('masterdata', 'productdata')",
						"queryTimeout": "02:00:00",
						"partitionOption": "None"
					},
					"dataset": {
						"referenceName": "sql_stage_dynamic",
						"type": "DatasetReference",
						"parameters": {
							"TableName": "_notSet"
						}
					},
					"firstRowOnly": false
				}
			},
			{
				"name": "Loop over Metadata",
				"type": "ForEach",
				"dependsOn": [
					{
						"activity": "GetMetadata",
						"dependencyConditions": [
							"Succeeded"
						]
					}
				],
				"userProperties": [],
				"typeProperties": {
					"items": {
						"value": "@activity('GetMetadata').output.value",
						"type": "Expression"
					},
					"activities": [
						{
							"name": "LoadDataToSql",
							"type": "Copy",
							"dependsOn": [],
							"policy": {
								"timeout": "0.12:00:00",
								"retry": 0,
								"retryIntervalInSeconds": 30,
								"secureOutput": false,
								"secureInput": false
							},
							"userProperties": [],
							"typeProperties": {
								"source": {
									"type": "DelimitedTextSource",
									"storeSettings": {
										"type": "AzureBlobFSReadSettings",
										"recursive": true,
										"wildcardFolderPath": {
											"value": "@item().FolderName",
											"type": "Expression"
										},
										"wildcardFileName": {
											"value": "@item().FileName",
											"type": "Expression"
										},
										"enablePartitionDiscovery": false
									},
									"formatSettings": {
										"type": "DelimitedTextReadSettings"
									}
								},
								"sink": {
									"type": "AzureSqlSink",
									"preCopyScript": {
										"value": "TRUNCATE TABLE stage.@{item().TableName}",
										"type": "Expression"
									},
									"writeBehavior": "insert",
									"sqlWriterUseTableLock": false,
									"disableMetricsCollection": false
								},
								"enableStaging": false,
								"translator": {
									"type": "TabularTranslator",
									"typeConversion": true,
									"typeConversionSettings": {
										"allowDataTruncation": true,
										"treatBooleanAsNumber": false
									}
								}
							},
							"inputs": [
								{
									"referenceName": "abs_csv_cleansed_stage_dynamic",
									"type": "DatasetReference",
									"parameters": {
										"FolderName": {
											"value": "@item().FolderName",
											"type": "Expression"
										},
										"FileName": {
											"value": "@item().FileName",
											"type": "Expression"
										},
										"Delimiter": {
											"value": "@item().Delimiter",
											"type": "Expression"
										}
									}
								}
							],
							"outputs": [
								{
									"referenceName": "sql_stage_dynamic",
									"type": "DatasetReference",
									"parameters": {
										"TableName": {
											"value": "@item().TableName",
											"type": "Expression"
										}
									}
								}
							]
						}
					]
				}
			}
		],
		"folder": {
			"name": "09-Exercise"
		},
		"annotations": []
	}
}