{
	"name": "pl_Master_Sales",
	"properties": {
		"activities": [
			{
				"name": "Copy Store Sales to Cleansed",
				"type": "ExecutePipeline",
				"dependsOn": [],
				"userProperties": [],
				"typeProperties": {
					"pipeline": {
						"referenceName": "pl_Copy_RawtoCleansed_Sales_Arancione",
						"type": "PipelineReference"
					},
					"waitOnCompletion": true
				}
			},
			{
				"name": "Load Cleansed Sales to Staging",
				"type": "ExecutePipeline",
				"dependsOn": [
					{
						"activity": "Copy Store Sales to Cleansed",
						"dependencyConditions": [
							"Succeeded"
						]
					}
				],
				"userProperties": [],
				"typeProperties": {
					"pipeline": {
						"referenceName": "pl_LoadStaging_Transactions",
						"type": "PipelineReference"
					},
					"waitOnCompletion": true
				}
			}
		],
		"folder": {
			"name": "Misc"
		},
		"annotations": []
	}
}