{
	"name": "df_Copy_RawtoCleansed_Sales_Celeste_ex6",
	"properties": {
		"folder": {
			"name": "06-Exercise"
		},
		"type": "MappingDataFlow",
		"typeProperties": {
			"sources": [
				{
					"dataset": {
						"referenceName": "abs_csv_raw_Celeste_ex5",
						"type": "DatasetReference"
					},
					"name": "SourceCSVCeleste"
				}
			],
			"sinks": [
				{
					"dataset": {
						"referenceName": "abs_csv_cleansed_Celeste_ex5",
						"type": "DatasetReference"
					},
					"name": "sinkCSVCleansedCeleste"
				},
				{
					"dataset": {
						"referenceName": "abs_csv_cleansed_Celeste_ErrorRows_ex5",
						"type": "DatasetReference"
					},
					"name": "sinkErrorLog"
				}
			],
			"transformations": [
				{
					"name": "RemoveZeroValues",
					"flowlet": {
						"referenceName": "fl_RemoveZeroValues",
						"type": "DataFlowReference"
					}
				},
				{
					"name": "filterSummaryLine"
				},
				{
					"name": "addFileNameColumn"
				},
				{
					"name": "AggregateDailySales"
				},
				{
					"name": "checkSalesRegion"
				},
				{
					"name": "AddErrorRow"
				},
				{
					"name": "splitCleanandErrorRows"
				},
				{
					"name": "addErrorFileName"
				}
			],
			"scriptLines": [
				"source(output(",
				"          TransactionId as string,",
				"          TransactionDate as string,",
				"          OnlineRetailer as string,",
				"          SalesMonth as string,",
				"          SalesRegion as string,",
				"          SalesCurrency as string,",
				"          Title as string,",
				"          Vintage as string,",
				"          Variety as string,",
				"          Score as string,",
				"          ListPrice as string,",
				"          Quantity as string",
				"     ),",
				"     allowSchemaDrift: true,",
				"     validateSchema: false,",
				"     ignoreNoFilesFound: false) ~> SourceCSVCeleste",
				"AggregateDailySales compose(mapColumn(",
				"          OnlineRetailer,",
				"          SalesMonth,",
				"          SalesRegion,",
				"          SalesCurrency,",
				"          Title,",
				"          Vintage,",
				"          Variety,",
				"          Score,",
				"          ListPrice,",
				"          FileName,",
				"          Quantity",
				"     ),",
				"     composition: 'fl_RemoveZeroValues') ~> RemoveZeroValues@(outputCSVCleansedCeleste)",
				"addFileNameColumn filter(left(Title, 21) != 'Total Sales Quantity:') ~> filterSummaryLine",
				"SourceCSVCeleste derive(FileName = concat(OnlineRetailer, '_', substring(SalesMonth, 1, 4), '_', substring(SalesMonth, 6, 2))) ~> addFileNameColumn",
				"filterSummaryLine aggregate(groupBy(OnlineRetailer,",
				"          SalesMonth,",
				"          SalesRegion,",
				"          SalesCurrency,",
				"          Title,",
				"          Vintage,",
				"          Variety,",
				"          Score,",
				"          ListPrice,",
				"          FileName),",
				"     Quantity = sum(toInteger(Quantity))) ~> AggregateDailySales",
				"RemoveZeroValues@outputCSVCleansedCeleste assert(expectTrue(or (SalesRegion == \"EU\", SalesRegion == \"UK\"), false, 'assertSalesRegion', null, \"Sales region not EU or UK\")) ~> checkSalesRegion",
				"checkSalesRegion derive(IsErrorRow = isError(),",
				"          hasErrorRow = hasError('assertSalesRegion')) ~> AddErrorRow",
				"AddErrorRow split(IsErrorRow == false(),",
				"     disjoint: false) ~> splitCleanandErrorRows@(CleanRows, ErrorRows)",
				"splitCleanandErrorRows@ErrorRows derive(ErrorFileName = concat(\"Error_\", FileName)) ~> addErrorFileName",
				"splitCleanandErrorRows@CleanRows sink(allowSchemaDrift: true,",
				"     validateSchema: false,",
				"     rowUrlColumn:'FileName',",
				"     truncate: true,",
				"     umask: 0022,",
				"     preCommands: [],",
				"     postCommands: [],",
				"     skipDuplicateMapInputs: true,",
				"     skipDuplicateMapOutputs: true,",
				"     ignoreAssertFailedRows: true) ~> sinkCSVCleansedCeleste",
				"addErrorFileName sink(allowSchemaDrift: true,",
				"     validateSchema: false,",
				"     rowUrlColumn:'ErrorFileName',",
				"     truncate: true,",
				"     umask: 0022,",
				"     preCommands: [],",
				"     postCommands: [],",
				"     skipDuplicateMapInputs: true,",
				"     skipDuplicateMapOutputs: true) ~> sinkErrorLog"
			]
		}
	}
}