{
	"name": "tr_event",
	"properties": {
		"annotations": [],
		"runtimeState": "Started",
		"pipelines": [
			{
				"pipelineReference": {
					"referenceName": "pl_Master_Sales",
					"type": "PipelineReference"
				}
			}
		],
		"type": "BlobEventsTrigger",
		"typeProperties": {
			"blobPathBeginsWith": "/raw/blobs/Arancione/",
			"ignoreEmptyBlobs": true,
			"scope": "/subscriptions/12eadce6-10f5-41d1-8132-109c27cb5e5d/resourceGroups/rg-vinoworld-dev/providers/Microsoft.Storage/storageAccounts/adlsvinoworlddev",
			"events": [
				"Microsoft.Storage.BlobCreated"
			]
		}
	}
}