{
	"name": "tr_tumble_CopySales_Verde",
	"properties": {
		"annotations": [],
		"runtimeState": "Stopped",
		"pipeline": {
			"pipelineReference": {
				"referenceName": "pl_Copy_CleansedToCurated_SalesData",
				"type": "PipelineReference"
			}
		},
		"type": "TumblingWindowTrigger",
		"typeProperties": {
			"frequency": "Minute",
			"interval": 15,
			"startTime": "2023-03-03T16:15:00Z",
			"delay": "00:00:00",
			"maxConcurrency": 1,
			"retryPolicy": {
				"intervalInSeconds": 30
			},
			"dependsOn": [
				{
					"type": "TumblingWindowTriggerDependencyReference",
					"referenceTrigger": {
						"referenceName": "tr_tumble_CopySales_Arancione",
						"type": "TriggerReference"
					}
				}
			]
		}
	}
}