{
	"name": "tr_tumble_CopySales_Arancione",
	"properties": {
		"annotations": [],
		"runtimeState": "Stopped",
		"pipeline": {
			"pipelineReference": {
				"referenceName": "pl_Copy_RawToCleansed_Sales",
				"type": "PipelineReference"
			}
		},
		"type": "TumblingWindowTrigger",
		"typeProperties": {
			"frequency": "Minute",
			"interval": 15,
			"startTime": "2023-03-03T16:15:00Z",
			"delay": "00:00:00",
			"maxConcurrency": 1,
			"retryPolicy": {
				"intervalInSeconds": 30
			},
			"dependsOn": []
		}
	}
}