{
	"name": "trigger1",
	"properties": {
		"annotations": [],
		"runtimeState": "Stopped",
		"pipelines": [
			{
				"pipelineReference": {
					"referenceName": "pl_IngestSourceData",
					"type": "PipelineReference"
				},
				"parameters": {
					"pSourceFile": "@triggerBody().pSourceFile"
				}
			}
		],
		"type": "BlobEventsTrigger",
		"typeProperties": {
			"blobPathBeginsWith": "/sourcedata/blobs/",
			"ignoreEmptyBlobs": false,
			"scope": "/subscriptions/12eadce6-10f5-41d1-8132-109c27cb5e5d/resourceGroups/rg-VinoWorld-dev/providers/Microsoft.Storage/storageAccounts/adlsvinoworlddev",
			"events": [
				"Microsoft.Storage.BlobCreated"
			]
		}
	}
}